<?xml version="1.0" encoding="UTF-8"?>
<beans xmlns="http://www.springframework.org/schema/beans"
	xmlns:context="http://www.springframework.org/schema/context"
	xmlns:mvc="http://www.springframework.org/schema/mvc" 
	xmlns:xsi="http://www.w3.org/2001/XMLSchema-instance"
	xmlns:tx="http://www.springframework.org/schema/tx"
	xsi:schemaLocation="
        http://www.springframework.org/schema/beans     
        http://www.springframework.org/schema/beans/spring-beans-3.0.xsd
        http://www.springframework.org/schema/context 
        http://www.springframework.org/schema/context/spring-context-3.0.xsd
        http://www.springframework.org/schema/mvc
        http://www.springframework.org/schema/mvc/spring-mvc-3.0.xsd
        http://www.springframework.org/schema/tx 
        http://www.springframework.org/schema/tx/spring-tx-3.2.xsd"> 
        
        <bean id="prod" class="com.cg.springcoredemo.dto.Product" >
        <property name="id" value="1001"></property>
        <property name="name" value="AC"></property>
        <property name="price" value="104401"></property>
        <property name="description" value="LG"></property>
        
        <!-- <property name="it">
        <list>
        <ref bean="one"></ref>
        <ref bean="two"></ref>
        <ref bean="three"></ref>
        </list>
        </property> -->
       <!--  <property name="item" ref="it"></property> -->
        </bean>
		<!-- <bean id="it" class="com.cg.springcoredemo.dto.Item"> -->
		<!--  <property name="id" value="101"></property>
        <property name="shopName" value="ABC"></property> -->
        
        	<bean id="one" class="com.cg.springcoredemo.dto.Item">
		  <property name="id" value="1010"></property>
        <property name="shopName" value="ABC"></property> 
         </bean>
        	<bean id="two" class="com.cg.springcoredemo.dto.Item">
		  <property name="id" value="1020"></property>
        <property name="shopName" value="BCD"></property> 
         </bean>
        	<bean id="three" class="com.cg.springcoredemo.dto.Item">
		  <property name="id" value="1030"></property>
        <property name="shopName" value="CBA"></property> 
         </bean>
        <!--<constructor-arg index="0" value="1000001"></constructor-arg>
        <constructor-arg index="1" value="ABC sTore..."></constructor-arg> -->
	    <!--<constructor-arg name="id" value="10111"></constructor-arg>
		<constructor-arg name="shopName" value="ABC2222"></constructor-arg> -->
        </beans>